{
  "version": 1,
  "updatedAt": "2026-02-02",
  "zones": [
    {
      "id": "roma-centro-storico",
      "name": "Centro Storico",
      "slug": "centro-storico",
      "area": "centro",
      "city": "roma",
      "coordinates": {
        "lat": 41.8986,
        "lng": 12.4769
      },
      "region": "lazio",
      "immobiliareZ2": 10303
    },
    {
      "id": "roma-trastevere",
      "name": "Trastevere",
      "slug": "trastevere",
      "area": "centro",
      "city": "roma",
      "coordinates": {
        "lat": 41.8833,
        "lng": 12.4667
      },
      "region": "lazio",
      "immobiliareZ2": 10156,
      "immobiliareZ3": 10822
    },
    {
      "id": "roma-testaccio",
      "name": "Testaccio",
      "slug": "testaccio",
      "area": "centro",
      "city": "roma",
      "coordinates": {
        "lat": 41.875,
        "lng": 12.475
      },
      "region": "lazio",
      "immobiliareZ2": 10156,
      "immobiliareZ3": 10821
    },
    {
      "id": "roma-san-lorenzo",
      "name": "San Lorenzo",
      "slug": "san-lorenzo",
      "area": "centro",
      "city": "roma",
      "coordinates": {
        "lat": 41.8983,
        "lng": 12.515
      },
      "region": "lazio",
      "immobiliareZ2": 10150,
      "immobiliareZ3": 10806
    },
    {
      "id": "roma-esquilino",
      "name": "Esquilino",
      "slug": "esquilino",
      "area": "centro",
      "city": "roma",
      "coordinates": {
        "lat": 41.8942,
        "lng": 12.505
      },
      "region": "lazio",
      "immobiliareZ2": 10149,
      "immobiliareZ3": 10805
    },
    {
      "id": "roma-parioli",
      "name": "Parioli",
      "slug": "parioli",
      "area": "nord",
      "city": "roma",
      "coordinates": {
        "lat": 41.925,
        "lng": 12.49
      },
      "region": "lazio",
      "immobiliareZ2": 10146,
      "immobiliareZ3": 10796
    },
    {
      "id": "roma-flaminio",
      "name": "Flaminio",
      "slug": "flaminio",
      "area": "nord",
      "city": "roma",
      "coordinates": {
        "lat": 41.9283,
        "lng": 12.4717
      },
      "region": "lazio",
      "immobiliareZ2": 10146,
      "immobiliareZ3": 10795
    },
    {
      "id": "roma-trieste",
      "name": "Trieste",
      "slug": "trieste",
      "area": "nord",
      "city": "roma",
      "coordinates": {
        "lat": 41.92,
        "lng": 12.51
      },
      "region": "lazio",
      "immobiliareZ2": 10147,
      "immobiliareZ3": 12719
    },
    {
      "id": "roma-prati",
      "name": "Prati",
      "slug": "prati",
      "area": "nord",
      "city": "roma",
      "coordinates": {
        "lat": 41.91,
        "lng": 12.46
      },
      "region": "lazio",
      "immobiliareZ2": 10145,
      "immobiliareZ3": 10793
    },
    {
      "id": "roma-nomentano",
      "name": "Nomentano",
      "slug": "nomentano",
      "area": "nord",
      "city": "roma",
      "coordinates": {
        "lat": 41.9117,
        "lng": 12.5183
      },
      "region": "lazio",
      "immobiliareZ2": 10148,
      "immobiliareZ3": 10803
    },
    {
      "id": "roma-talenti",
      "name": "Talenti",
      "slug": "talenti",
      "area": "nord",
      "city": "roma",
      "coordinates": {
        "lat": 41.95,
        "lng": 12.55
      },
      "region": "lazio",
      "immobiliareZ2": 10161,
      "immobiliareZ3": 12715
    },
    {
      "id": "roma-monte-sacro",
      "name": "Monte Sacro",
      "slug": "monte-sacro",
      "area": "nord",
      "city": "roma",
      "coordinates": {
        "lat": 41.945,
        "lng": 12.53
      },
      "region": "lazio",
      "immobiliareZ2": 10161,
      "immobiliareZ3": 12715
    },
    {
      "id": "roma-vigna-clara",
      "name": "Vigna Clara",
      "slug": "vigna-clara",
      "area": "nord",
      "city": "roma",
      "coordinates": {
        "lat": 41.94,
        "lng": 12.465
      },
      "region": "lazio",
      "immobiliareZ2": 10159,
      "immobiliareZ3": 10832
    },
    {
      "id": "roma-fleming",
      "name": "Fleming",
      "slug": "fleming",
      "area": "nord",
      "city": "roma",
      "coordinates": {
        "lat": 41.935,
        "lng": 12.455
      },
      "region": "lazio",
      "immobiliareZ2": 10159,
      "immobiliareZ3": 10834
    },
    {
      "id": "roma-salario",
      "name": "Salario",
      "slug": "salario",
      "area": "nord",
      "city": "roma",
      "coordinates": {
        "lat": 41.9133,
        "lng": 12.4983
      },
      "region": "lazio",
      "immobiliareZ2": 10161,
      "immobiliareZ3": 10839
    },
    {
      "id": "roma-eur",
      "name": "EUR",
      "slug": "eur",
      "area": "sud",
      "city": "roma",
      "coordinates": {
        "lat": 41.83,
        "lng": 12.465
      },
      "region": "lazio",
      "immobiliareZ2": 10169,
      "immobiliareZ3": 10879
    },
    {
      "id": "roma-garbatella",
      "name": "Garbatella",
      "slug": "garbatella",
      "area": "sud",
      "city": "roma",
      "coordinates": {
        "lat": 41.8617,
        "lng": 12.4867
      },
      "region": "lazio",
      "immobiliareZ2": 10153,
      "immobiliareZ3": 10815
    },
    {
      "id": "roma-ostiense",
      "name": "Ostiense",
      "slug": "ostiense",
      "area": "sud",
      "city": "roma",
      "coordinates": {
        "lat": 41.87,
        "lng": 12.48
      },
      "region": "lazio",
      "immobiliareZ2": 10153,
      "immobiliareZ3": 10820
    },
    {
      "id": "roma-san-paolo",
      "name": "San Paolo",
      "slug": "san-paolo",
      "area": "sud",
      "city": "roma",
      "coordinates": {
        "lat": 41.8583,
        "lng": 12.4767
      },
      "region": "lazio",
      "immobiliareZ2": 10154,
      "immobiliareZ3": 10817
    },
    {
      "id": "roma-marconi",
      "name": "Marconi",
      "slug": "marconi",
      "area": "sud",
      "city": "roma",
      "coordinates": {
        "lat": 41.8517,
        "lng": 12.47
      },
      "region": "lazio",
      "immobiliareZ2": 10154,
      "immobiliareZ3": 10883
    },
    {
      "id": "roma-torrino",
      "name": "Torrino",
      "slug": "torrino",
      "area": "sud",
      "city": "roma",
      "coordinates": {
        "lat": 41.81,
        "lng": 12.455
      },
      "region": "lazio",
      "immobiliareZ2": 10169,
      "immobiliareZ3": 10880
    },
    {
      "id": "roma-laurentino",
      "name": "Laurentino",
      "slug": "laurentino",
      "area": "sud",
      "city": "roma",
      "coordinates": {
        "lat": 41.82,
        "lng": 12.485
      },
      "region": "lazio",
      "immobiliareZ2": 10307,
      "immobiliareZ3": 14449
    },
    {
      "id": "roma-ardeatino",
      "name": "Ardeatino",
      "slug": "ardeatino",
      "area": "sud",
      "city": "roma",
      "coordinates": {
        "lat": 41.845,
        "lng": 12.5
      },
      "region": "lazio",
      "immobiliareZ2": 10167,
      "immobiliareZ3": 12726
    },
    {
      "id": "roma-san-giovanni",
      "name": "San Giovanni",
      "slug": "san-giovanni",
      "area": "est",
      "city": "roma",
      "coordinates": {
        "lat": 41.885,
        "lng": 12.51
      },
      "region": "lazio",
      "immobiliareZ2": 10151,
      "immobiliareZ3": 10811
    },
    {
      "id": "roma-appio-latino",
      "name": "Appio Latino",
      "slug": "appio-latino",
      "area": "est",
      "city": "roma",
      "coordinates": {
        "lat": 41.875,
        "lng": 12.515
      },
      "region": "lazio",
      "immobiliareZ2": 10152,
      "immobiliareZ3": 10813
    },
    {
      "id": "roma-tuscolano",
      "name": "Tuscolano",
      "slug": "tuscolano",
      "area": "est",
      "city": "roma",
      "coordinates": {
        "lat": 41.87,
        "lng": 12.53
      },
      "region": "lazio",
      "immobiliareZ2": 10152,
      "immobiliareZ3": 11662
    },
    {
      "id": "roma-cinecitta",
      "name": "Cinecittà",
      "slug": "cinecitta",
      "area": "est",
      "city": "roma",
      "coordinates": {
        "lat": 41.855,
        "lng": 12.565
      },
      "region": "lazio",
      "immobiliareZ2": 10283,
      "immobiliareZ3": 10856
    },
    {
      "id": "roma-centocelle",
      "name": "Centocelle",
      "slug": "centocelle",
      "area": "est",
      "city": "roma",
      "coordinates": {
        "lat": 41.875,
        "lng": 12.56
      },
      "region": "lazio",
      "immobiliareZ2": 10164,
      "immobiliareZ3": 10855
    },
    {
      "id": "roma-prenestino",
      "name": "Prenestino",
      "slug": "prenestino",
      "area": "est",
      "city": "roma",
      "coordinates": {
        "lat": 41.89,
        "lng": 12.54
      },
      "region": "lazio",
      "immobiliareZ2": 10150,
      "immobiliareZ3": 10809
    },
    {
      "id": "roma-torpignattara",
      "name": "Torpignattara",
      "slug": "torpignattara",
      "area": "est",
      "city": "roma",
      "coordinates": {
        "lat": 41.8817,
        "lng": 12.535
      },
      "region": "lazio",
      "immobiliareZ2": 10164,
      "immobiliareZ3": 11449
    },
    {
      "id": "roma-tiburtino",
      "name": "Tiburtino",
      "slug": "tiburtino",
      "area": "est",
      "city": "roma",
      "coordinates": {
        "lat": 41.905,
        "lng": 12.55
      },
      "region": "lazio",
      "immobiliareZ2": 10163,
      "immobiliareZ3": 10851
    },
    {
      "id": "roma-pietralata",
      "name": "Pietralata",
      "slug": "pietralata",
      "area": "est",
      "city": "roma",
      "coordinates": {
        "lat": 41.915,
        "lng": 12.545
      },
      "region": "lazio",
      "immobiliareZ2": 10163,
      "immobiliareZ3": 10847
    },
    {
      "id": "roma-monteverde",
      "name": "Monteverde",
      "slug": "monteverde",
      "area": "ovest",
      "city": "roma",
      "coordinates": {
        "lat": 41.87,
        "lng": 12.45
      },
      "region": "lazio",
      "immobiliareZ2": 10304,
      "immobiliareZ3": 10889
    },
    {
      "id": "roma-aurelio",
      "name": "Aurelio",
      "slug": "aurelio",
      "area": "ovest",
      "city": "roma",
      "coordinates": {
        "lat": 41.895,
        "lng": 12.43
      },
      "region": "lazio",
      "immobiliareZ2": 10172,
      "immobiliareZ3": 12709
    },
    {
      "id": "roma-balduina",
      "name": "Balduina",
      "slug": "balduina",
      "area": "ovest",
      "city": "roma",
      "coordinates": {
        "lat": 41.915,
        "lng": 12.435
      },
      "region": "lazio",
      "immobiliareZ2": 10281,
      "immobiliareZ3": 10826
    },
    {
      "id": "roma-trionfale",
      "name": "Trionfale",
      "slug": "trionfale",
      "area": "ovest",
      "city": "roma",
      "coordinates": {
        "lat": 41.92,
        "lng": 12.445
      },
      "region": "lazio",
      "immobiliareZ2": 10302,
      "immobiliareZ3": 12712
    },
    {
      "id": "roma-primavalle",
      "name": "Primavalle",
      "slug": "primavalle",
      "area": "ovest",
      "city": "roma",
      "coordinates": {
        "lat": 41.93,
        "lng": 12.42
      },
      "region": "lazio",
      "immobiliareZ2": 10173,
      "immobiliareZ3": 12728
    },
    {
      "id": "roma-boccea",
      "name": "Boccea",
      "slug": "boccea",
      "area": "ovest",
      "city": "roma",
      "coordinates": {
        "lat": 41.905,
        "lng": 12.405
      },
      "region": "lazio",
      "immobiliareZ2": 10172,
      "immobiliareZ3": 12716
    },
    {
      "id": "roma-gianicolense",
      "name": "Gianicolense",
      "slug": "gianicolense",
      "area": "ovest",
      "city": "roma",
      "coordinates": {
        "lat": 41.875,
        "lng": 12.44
      },
      "region": "lazio",
      "immobiliareZ2": 10304,
      "immobiliareZ3": 10888
    },
    {
      "id": "roma-axa",
      "name": "Axa",
      "slug": "axa",
      "area": "litorale",
      "city": "roma",
      "coordinates": {
        "lat": 41.7283,
        "lng": 12.3456
      },
      "region": "lazio",
      "immobiliareZ2": 10259,
      "immobiliareZ3": 10962
    },
    {
      "id": "roma-casal-palocco",
      "name": "Casal Palocco",
      "slug": "casal-palocco",
      "area": "litorale",
      "city": "roma",
      "coordinates": {
        "lat": 41.745,
        "lng": 12.365
      },
      "region": "lazio",
      "immobiliareZ2": 10259,
      "immobiliareZ3": 12721
    },
    {
      "id": "roma-infernetto",
      "name": "Infernetto",
      "slug": "infernetto",
      "area": "litorale",
      "city": "roma",
      "coordinates": {
        "lat": 41.735,
        "lng": 12.33
      },
      "region": "lazio",
      "immobiliareZ2": 10259,
      "immobiliareZ3": 10964
    },
    {
      "id": "roma-ostia-antica",
      "name": "Ostia Antica",
      "slug": "ostia-antica",
      "area": "litorale",
      "city": "roma",
      "coordinates": {
        "lat": 41.7558,
        "lng": 12.2917
      },
      "region": "lazio",
      "immobiliareZ2": 10181,
      "immobiliareZ3": 10976
    },
    {
      "id": "roma-ostia-levante",
      "name": "Ostia Levante",
      "slug": "ostia-levante",
      "area": "litorale",
      "city": "roma",
      "coordinates": {
        "lat": 41.735,
        "lng": 12.295
      },
      "region": "lazio",
      "immobiliareZ2": 10181,
      "immobiliareZ3": 11632
    },
    {
      "id": "roma-ostia-ponente",
      "name": "Ostia Ponente",
      "slug": "ostia-ponente",
      "area": "litorale",
      "city": "roma",
      "coordinates": {
        "lat": 41.728,
        "lng": 12.265
      },
      "region": "lazio",
      "immobiliareZ2": 10181,
      "immobiliareZ3": 10977
    },
    {
      "id": "roma-lido-di-ostia",
      "name": "Lido di Ostia",
      "slug": "lido-di-ostia-castel-fusano",
      "area": "litorale",
      "city": "roma",
      "coordinates": {
        "lat": 41.73,
        "lng": 12.28
      },
      "region": "lazio",
      "immobiliareZ2": 10181
    },
    {
      "id": "roma-acilia",
      "name": "Acilia",
      "slug": "acilia",
      "area": "litorale",
      "city": "roma",
      "coordinates": {
        "lat": 41.7567,
        "lng": 12.3517
      },
      "region": "lazio",
      "immobiliareZ2": 10180,
      "immobiliareZ3": 10961
    },
    {
      "id": "roma-porta-di-roma",
      "name": "Porta di Roma",
      "slug": "porta-di-roma",
      "area": "periferia",
      "city": "roma",
      "coordinates": {
        "lat": 41.97,
        "lng": 12.555
      },
      "region": "lazio",
      "immobiliareZ2": 10162,
      "immobiliareZ3": 11638
    },
    {
      "id": "roma-bufalotta",
      "name": "Bufalotta",
      "slug": "bufalotta",
      "area": "periferia",
      "city": "roma",
      "coordinates": {
        "lat": 41.965,
        "lng": 12.54
      },
      "region": "lazio",
      "immobiliareZ2": 10176,
      "immobiliareZ3": 12731
    },
    {
      "id": "roma-tor-bella-monaca",
      "name": "Tor Bella Monaca",
      "slug": "tor-bella-monaca",
      "area": "periferia",
      "city": "roma",
      "coordinates": {
        "lat": 41.875,
        "lng": 12.62
      },
      "region": "lazio",
      "immobiliareZ2": 10177,
      "immobiliareZ3": 10927
    },
    {
      "id": "roma-torre-angela",
      "name": "Torre Angela",
      "slug": "torre-angela",
      "area": "periferia",
      "city": "roma",
      "coordinates": {
        "lat": 41.865,
        "lng": 12.6
      },
      "region": "lazio",
      "immobiliareZ2": 10177,
      "immobiliareZ3": 10927
    }
  ]
}
